Model,Accuracy_mean,Accuracy_std,Sensitivity_mean,Sensitivity_std,Specificity_mean,Specificity_std,Precision_mean,Precision_std,F1-Score_mean,F1-Score_std,AUC_mean,AUC_std
DecisionTree,0.6021428571428571,0.025096186843907336,0.27215320910973084,0.05079048603127242,0.7116903633491312,0.023401840425792034,0.2385627322813802,0.04282888046464424,0.2540524164762373,0.0458694228186033,0.49192178622943095,0.03150094461081888
XGBoost,0.7285714285714286,0.01091089451179963,0.05583850931677018,0.03525253691514186,0.9519634394041978,0.016656514814606595,0.2569690835480309,0.1385645812927704,0.09075228563101514,0.05542242814745061,0.5119955368094076,0.04523049190843255
LightGBM,0.7282142857142857,0.014526736629315801,0.0515527950310559,0.032401490947394834,0.9529248476641842,0.018331938338427962,0.25654942279942283,0.16558364545133977,0.08506213997676176,0.05311918023604001,0.5149467809378028,0.04291130673164839
