Model,Recall,Precision,F1_Score,ROC_AUC,PR_AUC,Specificity,Balanced_Accuracy,False_Negative_Rate,TN,FP,FN,TP,Total_Cost,Cost_Per_Patient,Status
DecisionTree,0.821656050955414,0.3241206030150754,0.4648648648648649,0.5906102321758784,0.34317414800618556,0.3325062034739454,0.5770811272146797,0.17834394904458598,134,269,28,129,549,0.9803571428571428,EFEKTIF
