Threshold,Strategy,Recall,Precision,F1-Score
0.5,Default,0.821656050955414,0.3241206030150754,0.4648648648648649
0.3956482457461225,Maximize F1,0.9617834394904459,0.3119834710743802,0.4711388455538221
0.47339143751548385,Target 85% Recall,0.8535031847133758,0.32367149758454106,0.46935201401050786
